{"base_lr": 1.4328588649815026e-05, "lr": 1.4328588649815026e-05, "data_time": 0.31256187915802003, "grad_norm": 30.22661636352539, "loss": 18.197498741149904, "qa_cls_loss": 9.13087511062622, "ref_loc_loss": 6.408426418304443, "ref_cls_loss": 2.6581971931457518, "time": 1.414128499031067, "epoch": 1, "iter": 50, "memory": 14623, "step": 50}
{"base_lr": 2.3847088750958873e-05, "lr": 2.3847088750958873e-05, "data_time": 0.05357744216918945, "grad_norm": 28.615289459228517, "loss": 17.693377571105955, "qa_cls_loss": 9.035371723175048, "ref_loc_loss": 6.521985168457031, "ref_cls_loss": 2.136020760536194, "time": 1.11480224609375, "epoch": 1, "iter": 100, "memory": 14653, "step": 100}
{"base_lr": 3.336459559491149e-05, "lr": 3.336459559491149e-05, "data_time": 0.05298587799072266, "grad_norm": 27.359613189697267, "loss": 16.818327178955077, "qa_cls_loss": 8.815370464324952, "ref_loc_loss": 6.276800956726074, "ref_cls_loss": 1.7261558651924134, "time": 1.1018871402740478, "epoch": 1, "iter": 150, "memory": 14701, "step": 150}
{"base_lr": 4.2880575907493565e-05, "lr": 4.2880575907493565e-05, "data_time": 0.05465840339660644, "grad_norm": 25.8499214553833, "loss": 16.051642150878905, "qa_cls_loss": 8.543912162780762, "ref_loc_loss": 6.090746350288391, "ref_cls_loss": 1.4169835841655731, "time": 1.1061856269836425, "epoch": 1, "iter": 200, "memory": 14708, "step": 200}
{"base_lr": 5.239449379623291e-05, "lr": 5.239449379623291e-05, "data_time": 0.05620314598083496, "grad_norm": 23.961383819580078, "loss": 15.151801013946534, "qa_cls_loss": 8.262647333145141, "ref_loc_loss": 5.619709258079529, "ref_cls_loss": 1.2694443082809448, "time": 1.108399453163147, "epoch": 1, "iter": 250, "memory": 14638, "step": 250}
{"base_lr": 6.190581231394526e-05, "lr": 6.190581231394526e-05, "data_time": 0.05245627880096435, "grad_norm": 22.568422203063964, "loss": 15.199986114501954, "qa_cls_loss": 7.998931369781494, "ref_loc_loss": 5.913962955474854, "ref_cls_loss": 1.2870918393135071, "time": 1.1082552671432495, "epoch": 1, "iter": 300, "memory": 14629, "step": 300}
{"base_lr": 7.14139940499306e-05, "lr": 7.14139940499306e-05, "data_time": 0.05370774269104004, "grad_norm": 21.4586088180542, "loss": 14.246456089019775, "qa_cls_loss": 7.861319675445556, "ref_loc_loss": 5.236477613449097, "ref_cls_loss": 1.1486587977409364, "time": 1.1075017166137695, "epoch": 1, "iter": 350, "memory": 14653, "step": 350}
{"base_lr": 8.091850141745768e-05, "lr": 8.091850141745768e-05, "data_time": 0.05402542114257813, "grad_norm": 19.93854377746582, "loss": 14.573993625640869, "qa_cls_loss": 7.657452259063721, "ref_loc_loss": 5.803356790542603, "ref_cls_loss": 1.1131845897436141, "time": 1.0980140352249146, "epoch": 1, "iter": 400, "memory": 14629, "step": 400}
{"base_lr": 9.041879682003525e-05, "lr": 9.041879682003525e-05, "data_time": 0.05681014060974121, "grad_norm": 18.967674369812013, "loss": 14.444005699157715, "qa_cls_loss": 7.622770290374756, "ref_loc_loss": 5.761072721481323, "ref_cls_loss": 1.0601627695560456, "time": 1.1033022785186768, "epoch": 1, "iter": 450, "memory": 14661, "step": 450}
{"base_lr": 9.99143427612706e-05, "lr": 9.99143427612706e-05, "data_time": 0.04823864459991455, "grad_norm": 18.184274101257323, "loss": 14.253412113189697, "qa_cls_loss": 7.544318647384643, "ref_loc_loss": 5.7852648878097535, "ref_cls_loss": 0.9238285601139069, "time": 1.1035683250427246, "epoch": 1, "iter": 500, "memory": 14623, "step": 500}
{"base_lr": 9.989555440879632e-05, "lr": 9.989555440879632e-05, "data_time": 0.05267875671386719, "grad_norm": 18.112214164733885, "loss": 14.182145957946778, "qa_cls_loss": 7.529490127563476, "ref_loc_loss": 5.683726472854614, "ref_cls_loss": 0.9689292967319488, "time": 1.099193549156189, "epoch": 1, "iter": 550, "memory": 14638, "step": 550}
{"base_lr": 9.987497612017576e-05, "lr": 9.987497612017576e-05, "data_time": 0.05074869632720947, "grad_norm": 17.907865791320802, "loss": 14.239337787628173, "qa_cls_loss": 7.6735325050354, "ref_loc_loss": 5.524590406417847, "ref_cls_loss": 1.0412148475646972, "time": 1.1062187194824218, "epoch": 1, "iter": 600, "memory": 14608, "step": 600}
